"OldPath","NewPath","Reason","UpdatePatterns"
"alter_ids.sql","backend\scripts\sql\alter_ids.sql","root sql -> backend/scripts/sql",""
"assign_query.sql","backend\scripts\sql\assign_query.sql","root sql -> backend/scripts/sql",""
"backend\.env","backend\.env","keep",""
"backend\app\__init__.py","backend\src\app\__init__.py","app -> backend/src/app",""
"backend\app\core\__init__.py","backend\src\app\infrastructure\core\__init__.py","core -> infrastructure/core","from app.core -> from app.infrastructure.core; import app.core -> import app.infrastructure.core"
"backend\app\core\auth_middleware.py","backend\src\app\infrastructure\core\auth_middleware.py","core -> infrastructure/core","from app.core.auth_middleware -> from app.infrastructure.core.auth_middleware; import app.core.auth_middleware -> import app.infrastructure.core.auth_middleware"
"backend\app\core\config.py","backend\src\app\infrastructure\core\config.py","core -> infrastructure/core","from app.core.config -> from app.infrastructure.core.config; import app.core.config -> import app.infrastructure.core.config"
"backend\app\core\security.py","backend\src\app\infrastructure\core\security.py","core -> infrastructure/core","from app.core.security -> from app.infrastructure.core.security; import app.core.security -> import app.infrastructure.core.security"
"backend\app\database\__init__.py","backend\src\app\infrastructure\database\__init__.py","db -> infrastructure/database","from app.database -> from app.infrastructure.database; import app.database -> import app.infrastructure.database"
"backend\app\database\base.py","backend\src\app\infrastructure\database\base.py","db -> infrastructure/database","from app.database.base -> from app.infrastructure.database.base; import app.database.base -> import app.infrastructure.database.base"
"backend\app\database\session.py","backend\src\app\infrastructure\database\session.py","db -> infrastructure/database","from app.database.session -> from app.infrastructure.database.session; import app.database.session -> import app.infrastructure.database.session"
"backend\app\models\__init__.py","backend\src\app\domain\models\__init__.py","models -> domain/models","from app.models -> from app.domain.models; import app.models -> import app.domain.models"
"backend\app\models\advance_payment.py","backend\src\app\domain\models\advance_payment.py","models -> domain/models","from app.models.advance_payment -> from app.domain.models.advance_payment; import app.models.advance_payment -> import app.domain.models.advance_payment"
"backend\app\models\audit_log.py","backend\src\app\domain\models\audit_log.py","models -> domain/models","from app.models.audit_log -> from app.domain.models.audit_log; import app.models.audit_log -> import app.domain.models.audit_log"
"backend\app\models\cb_rate.py","backend\src\app\domain\models\cb_rate.py","models -> domain/models","from app.models.cb_rate -> from app.domain.models.cb_rate; import app.models.cb_rate -> import app.domain.models.cb_rate"
"backend\app\models\company.py","backend\src\app\domain\models\company.py","models -> domain/models","from app.models.company -> from app.domain.models.company; import app.models.company -> import app.domain.models.company"
"backend\app\models\company_accreditation.py","backend\src\app\domain\models\company_accreditation.py","models -> domain/models","from app.models.company_accreditation -> from app.domain.models.company_accreditation; import app.models.company_accreditation -> import app.domain.models.company_accreditation"
"backend\app\models\company_document.py","backend\src\app\domain\models\company_document.py","models -> domain/models","from app.models.company_document -> from app.domain.models.company_document; import app.models.company_document -> import app.domain.models.company_document"
"backend\app\models\company_user_link.py","backend\src\app\domain\models\company_user_link.py","models -> domain/models","from app.models.company_user_link -> from app.domain.models.company_user_link; import app.models.company_user_link -> import app.domain.models.company_user_link"
"backend\app\models\contract.py","backend\src\app\domain\models\contract.py","models -> domain/models","from app.models.contract -> from app.domain.models.contract; import app.models.contract -> import app.domain.models.contract"
"backend\app\models\contract_document.py","backend\src\app\domain\models\contract_document.py","models -> domain/models","from app.models.contract_document -> from app.domain.models.contract_document; import app.models.contract_document -> import app.domain.models.contract_document"
"backend\app\models\deal.py","backend\src\app\domain\models\deal.py","models -> domain/models","from app.models.deal -> from app.domain.models.deal; import app.models.deal -> import app.domain.models.deal"
"backend\app\models\deal_gip.py","backend\src\app\domain\models\deal_gip.py","models -> domain/models","from app.models.deal_gip -> from app.domain.models.deal_gip; import app.models.deal_gip -> import app.domain.models.deal_gip"
"backend\app\models\deal_product.py","backend\src\app\domain\models\deal_product.py","models -> domain/models","from app.models.deal_product -> from app.domain.models.deal_product; import app.models.deal_product -> import app.domain.models.deal_product"
"backend\app\models\document_registry.py","backend\src\app\domain\models\document_registry.py","models -> domain/models","from app.models.document_registry -> from app.domain.models.document_registry; import app.models.document_registry -> import app.domain.models.document_registry"
"backend\app\models\event_log.py","backend\src\app\domain\models\event_log.py","models -> domain/models","from app.models.event_log -> from app.domain.models.event_log; import app.models.event_log -> import app.domain.models.event_log"
"backend\app\models\financial_plan.py","backend\src\app\domain\models\financial_plan.py","models -> domain/models","from app.models.financial_plan -> from app.domain.models.financial_plan; import app.models.financial_plan -> import app.domain.models.financial_plan"
"backend\app\models\global_chat_message.py","backend\src\app\domain\models\global_chat_message.py","models -> domain/models","from app.models.global_chat_message -> from app.domain.models.global_chat_message; import app.models.global_chat_message -> import app.domain.models.global_chat_message"
"backend\app\models\income_expense_entry.py","backend\src\app\domain\models\income_expense_entry.py","models -> domain/models","from app.models.income_expense_entry -> from app.domain.models.income_expense_entry; import app.models.income_expense_entry -> import app.domain.models.income_expense_entry"
"backend\app\models\inflation_index.py","backend\src\app\domain\models\inflation_index.py","models -> domain/models","from app.models.inflation_index -> from app.domain.models.inflation_index; import app.models.inflation_index -> import app.domain.models.inflation_index"
"backend\app\models\kp.py","backend\src\app\domain\models\kp.py","models -> domain/models","from app.models.kp -> from app.domain.models.kp; import app.models.kp -> import app.domain.models.kp"
"backend\app\models\lead.py","backend\src\app\domain\models\lead.py","models -> domain/models","from app.models.lead -> from app.domain.models.lead; import app.models.lead -> import app.domain.models.lead"
"backend\app\models\lead_product.py","backend\src\app\domain\models\lead_product.py","models -> domain/models","from app.models.lead_product -> from app.domain.models.lead_product; import app.models.lead_product -> import app.domain.models.lead_product"
"backend\app\models\legal_case.py","backend\src\app\domain\models\legal_case.py","models -> domain/models","from app.models.legal_case -> from app.domain.models.legal_case; import app.models.legal_case -> import app.domain.models.legal_case"
"backend\app\models\mail_message.py","backend\src\app\domain\models\mail_message.py","models -> domain/models","from app.models.mail_message -> from app.domain.models.mail_message; import app.models.mail_message -> import app.domain.models.mail_message"
"backend\app\models\mailbox.py","backend\src\app\domain\models\mailbox.py","models -> domain/models","from app.models.mailbox -> from app.domain.models.mailbox; import app.models.mailbox -> import app.domain.models.mailbox"
"backend\app\models\notification.py","backend\src\app\domain\models\notification.py","models -> domain/models","from app.models.notification -> from app.domain.models.notification; import app.models.notification -> import app.domain.models.notification"
"backend\app\models\notification_job.py","backend\src\app\domain\models\notification_job.py","models -> domain/models","from app.models.notification_job -> from app.domain.models.notification_job; import app.models.notification_job -> import app.domain.models.notification_job"
"backend\app\models\notification_preference.py","backend\src\app\domain\models\notification_preference.py","models -> domain/models","from app.models.notification_preference -> from app.domain.models.notification_preference; import app.models.notification_preference -> import app.domain.models.notification_preference"
"backend\app\models\notification_rule.py","backend\src\app\domain\models\notification_rule.py","models -> domain/models","from app.models.notification_rule -> from app.domain.models.notification_rule; import app.models.notification_rule -> import app.domain.models.notification_rule"
"backend\app\models\notification_subscription.py","backend\src\app\domain\models\notification_subscription.py","models -> domain/models","from app.models.notification_subscription -> from app.domain.models.notification_subscription; import app.models.notification_subscription -> import app.domain.models.notification_subscription"
"backend\app\models\outgoing_document.py","backend\src\app\domain\models\outgoing_document.py","models -> domain/models","from app.models.outgoing_document -> from app.domain.models.outgoing_document; import app.models.outgoing_document -> import app.domain.models.outgoing_document"
"backend\app\models\outgoing_document_file.py","backend\src\app\domain\models\outgoing_document_file.py","models -> domain/models","from app.models.outgoing_document_file -> from app.domain.models.outgoing_document_file; import app.models.outgoing_document_file -> import app.domain.models.outgoing_document_file"
"backend\app\models\outgoing_document_version.py","backend\src\app\domain\models\outgoing_document_version.py","models -> domain/models","from app.models.outgoing_document_version -> from app.domain.models.outgoing_document_version; import app.models.outgoing_document_version -> import app.domain.models.outgoing_document_version"
"backend\app\models\outgoing_number_sequence.py","backend\src\app\domain\models\outgoing_number_sequence.py","models -> domain/models","from app.models.outgoing_number_sequence -> from app.domain.models.outgoing_number_sequence; import app.models.outgoing_number_sequence -> import app.domain.models.outgoing_number_sequence"
"backend\app\models\overhead.py","backend\src\app\domain\models\overhead.py","models -> domain/models","from app.models.overhead -> from app.domain.models.overhead; import app.models.overhead -> import app.domain.models.overhead"
"backend\app\models\overhead_allocation.py","backend\src\app\domain\models\overhead_allocation.py","models -> domain/models","from app.models.overhead_allocation -> from app.domain.models.overhead_allocation; import app.models.overhead_allocation -> import app.domain.models.overhead_allocation"
"backend\app\models\penalty_rule.py","backend\src\app\domain\models\penalty_rule.py","models -> domain/models","from app.models.penalty_rule -> from app.domain.models.penalty_rule; import app.models.penalty_rule -> import app.domain.models.penalty_rule"
"backend\app\models\pricing_model.py","backend\src\app\domain\models\pricing_model.py","models -> domain/models","from app.models.pricing_model -> from app.domain.models.pricing_model; import app.models.pricing_model -> import app.domain.models.pricing_model"
"backend\app\models\pricing_quote.py","backend\src\app\domain\models\pricing_quote.py","models -> domain/models","from app.models.pricing_quote -> from app.domain.models.pricing_quote; import app.models.pricing_quote -> import app.domain.models.pricing_quote"
"backend\app\models\product.py","backend\src\app\domain\models\product.py","models -> domain/models","from app.models.product -> from app.domain.models.product; import app.models.product -> import app.domain.models.product"
"backend\app\models\product_category.py","backend\src\app\domain\models\product_category.py","models -> domain/models","from app.models.product_category -> from app.domain.models.product_category; import app.models.product_category -> import app.domain.models.product_category"
"backend\app\models\quality_alert.py","backend\src\app\domain\models\quality_alert.py","models -> domain/models","from app.models.quality_alert -> from app.domain.models.quality_alert; import app.models.quality_alert -> import app.domain.models.quality_alert"
"backend\app\models\role.py","backend\src\app\domain\models\role.py","models -> domain/models","from app.models.role -> from app.domain.models.role; import app.models.role -> import app.domain.models.role"
"backend\app\models\role_permission.py","backend\src\app\domain\models\role_permission.py","models -> domain/models","from app.models.role_permission -> from app.domain.models.role_permission; import app.models.role_permission -> import app.domain.models.role_permission"
"backend\app\models\stage.py","backend\src\app\domain\models\stage.py","models -> domain/models","from app.models.stage -> from app.domain.models.stage; import app.models.stage -> import app.domain.models.stage"
"backend\app\models\stage_closing.py","backend\src\app\domain\models\stage_closing.py","models -> domain/models","from app.models.stage_closing -> from app.domain.models.stage_closing; import app.models.stage_closing -> import app.domain.models.stage_closing"
"backend\app\models\stage_dependency.py","backend\src\app\domain\models\stage_dependency.py","models -> domain/models","from app.models.stage_dependency -> from app.domain.models.stage_dependency; import app.models.stage_dependency -> import app.domain.models.stage_dependency"
"backend\app\models\stage_product_assignment.py","backend\src\app\domain\models\stage_product_assignment.py","models -> domain/models","from app.models.stage_product_assignment -> from app.domain.models.stage_product_assignment; import app.models.stage_product_assignment -> import app.domain.models.stage_product_assignment"
"backend\app\models\stage_product_link.py","backend\src\app\domain\models\stage_product_link.py","models -> domain/models","from app.models.stage_product_link -> from app.domain.models.stage_product_link; import app.models.stage_product_link -> import app.domain.models.stage_product_link"
"backend\app\models\stage_product_subtask.py","backend\src\app\domain\models\stage_product_subtask.py","models -> domain/models","from app.models.stage_product_subtask -> from app.domain.models.stage_product_subtask; import app.models.stage_product_subtask -> import app.domain.models.stage_product_subtask"
"backend\app\models\stage_result.py","backend\src\app\domain\models\stage_result.py","models -> domain/models","from app.models.stage_result -> from app.domain.models.stage_result; import app.models.stage_result -> import app.domain.models.stage_result"
"backend\app\models\subcontractor_card.py","backend\src\app\domain\models\subcontractor_card.py","models -> domain/models","from app.models.subcontractor_card -> from app.domain.models.subcontractor_card; import app.models.subcontractor_card -> import app.domain.models.subcontractor_card"
"backend\app\models\subcontractor_product.py","backend\src\app\domain\models\subcontractor_product.py","models -> domain/models","from app.models.subcontractor_product -> from app.domain.models.subcontractor_product; import app.models.subcontractor_product -> import app.domain.models.subcontractor_product"
"backend\app\models\subcontractor_stage.py","backend\src\app\domain\models\subcontractor_stage.py","models -> domain/models","from app.models.subcontractor_stage -> from app.domain.models.subcontractor_stage; import app.models.subcontractor_stage -> import app.domain.models.subcontractor_stage"
"backend\app\models\subcontractor_stage_dependency.py","backend\src\app\domain\models\subcontractor_stage_dependency.py","models -> domain/models","from app.models.subcontractor_stage_dependency -> from app.domain.models.subcontractor_stage_dependency; import app.models.subcontractor_stage_dependency -> import app.domain.models.subcontractor_stage_dependency"
"backend\app\models\task.py","backend\src\app\domain\models\task.py","models -> domain/models","from app.models.task -> from app.domain.models.task; import app.models.task -> import app.domain.models.task"
"backend\app\models\task_auction.py","backend\src\app\domain\models\task_auction.py","models -> domain/models","from app.models.task_auction -> from app.domain.models.task_auction; import app.models.task_auction -> import app.domain.models.task_auction"
"backend\app\models\task_auction_bid.py","backend\src\app\domain\models\task_auction_bid.py","models -> domain/models","from app.models.task_auction_bid -> from app.domain.models.task_auction_bid; import app.models.task_auction_bid -> import app.domain.models.task_auction_bid"
"backend\app\models\task_message.py","backend\src\app\domain\models\task_message.py","models -> domain/models","from app.models.task_message -> from app.domain.models.task_message; import app.models.task_message -> import app.domain.models.task_message"
"backend\app\models\tender.py","backend\src\app\domain\models\tender.py","models -> domain/models","from app.models.tender -> from app.domain.models.tender; import app.models.tender -> import app.domain.models.tender"
"backend\app\models\tender_offer.py","backend\src\app\domain\models\tender_offer.py","models -> domain/models","from app.models.tender_offer -> from app.domain.models.tender_offer; import app.models.tender_offer -> import app.domain.models.tender_offer"
"backend\app\models\transaction_allocation.py","backend\src\app\domain\models\transaction_allocation.py","models -> domain/models","from app.models.transaction_allocation -> from app.domain.models.transaction_allocation; import app.models.transaction_allocation -> import app.domain.models.transaction_allocation"
"backend\app\models\treasury_allocation.py","backend\src\app\domain\models\treasury_allocation.py","models -> domain/models","from app.models.treasury_allocation -> from app.domain.models.treasury_allocation; import app.models.treasury_allocation -> import app.domain.models.treasury_allocation"
"backend\app\models\treasury_auto_rule.py","backend\src\app\domain\models\treasury_auto_rule.py","models -> domain/models","from app.models.treasury_auto_rule -> from app.domain.models.treasury_auto_rule; import app.models.treasury_auto_rule -> import app.domain.models.treasury_auto_rule"
"backend\app\models\treasury_transaction.py","backend\src\app\domain\models\treasury_transaction.py","models -> domain/models","from app.models.treasury_transaction -> from app.domain.models.treasury_transaction; import app.models.treasury_transaction -> import app.domain.models.treasury_transaction"
"backend\app\models\upload_job.py","backend\src\app\domain\models\upload_job.py","models -> domain/models","from app.models.upload_job -> from app.domain.models.upload_job; import app.models.upload_job -> import app.domain.models.upload_job"
"backend\app\models\user.py","backend\src\app\domain\models\user.py","models -> domain/models","from app.models.user -> from app.domain.models.user; import app.models.user -> import app.domain.models.user"
"backend\app\models\wip_monthly.py","backend\src\app\domain\models\wip_monthly.py","models -> domain/models","from app.models.wip_monthly -> from app.domain.models.wip_monthly; import app.models.wip_monthly -> import app.domain.models.wip_monthly"
"backend\app\models\work_result.py","backend\src\app\domain\models\work_result.py","models -> domain/models","from app.models.work_result -> from app.domain.models.work_result; import app.models.work_result -> import app.domain.models.work_result"
"backend\app\routers\__init__.py","backend\src\app\interfaces\api\routers\__init__.py","routers -> interfaces/api/routers","from app.routers -> from app.interfaces.api.routers; import app.routers -> import app.interfaces.api.routers"
"backend\app\routers\accreditations.py","backend\src\app\interfaces\api\routers\accreditations.py","routers -> interfaces/api/routers","from app.routers.accreditations -> from app.interfaces.api.routers.accreditations; import app.routers.accreditations -> import app.interfaces.api.routers.accreditations"
"backend\app\routers\audit_logs.py","backend\src\app\interfaces\api\routers\audit_logs.py","routers -> interfaces/api/routers","from app.routers.audit_logs -> from app.interfaces.api.routers.audit_logs; import app.routers.audit_logs -> import app.interfaces.api.routers.audit_logs"
"backend\app\routers\auth.py","backend\src\app\interfaces\api\routers\auth.py","routers -> interfaces/api/routers","from app.routers.auth -> from app.interfaces.api.routers.auth; import app.routers.auth -> import app.interfaces.api.routers.auth"
"backend\app\routers\banks.py","backend\src\app\interfaces\api\routers\banks.py","routers -> interfaces/api/routers","from app.routers.banks -> from app.interfaces.api.routers.banks; import app.routers.banks -> import app.interfaces.api.routers.banks"
"backend\app\routers\companies.py","backend\src\app\interfaces\api\routers\companies.py","routers -> interfaces/api/routers","from app.routers.companies -> from app.interfaces.api.routers.companies; import app.routers.companies -> import app.interfaces.api.routers.companies"
"backend\app\routers\contracts.py","backend\src\app\interfaces\api\routers\contracts.py","routers -> interfaces/api/routers","from app.routers.contracts -> from app.interfaces.api.routers.contracts; import app.routers.contracts -> import app.interfaces.api.routers.contracts"
"backend\app\routers\dadata.py","backend\src\app\interfaces\api\routers\dadata.py","routers -> interfaces/api/routers","from app.routers.dadata -> from app.interfaces.api.routers.dadata; import app.routers.dadata -> import app.interfaces.api.routers.dadata"
"backend\app\routers\dashboard.py","backend\src\app\interfaces\api\routers\dashboard.py","routers -> interfaces/api/routers","from app.routers.dashboard -> from app.interfaces.api.routers.dashboard; import app.routers.dashboard -> import app.interfaces.api.routers.dashboard"
"backend\app\routers\deal_execution.py","backend\src\app\interfaces\api\routers\deal_execution.py","routers -> interfaces/api/routers","from app.routers.deal_execution -> from app.interfaces.api.routers.deal_execution; import app.routers.deal_execution -> import app.interfaces.api.routers.deal_execution"
"backend\app\routers\deals.py","backend\src\app\interfaces\api\routers\deals.py","routers -> interfaces/api/routers","from app.routers.deals -> from app.interfaces.api.routers.deals; import app.routers.deals -> import app.interfaces.api.routers.deals"
"backend\app\routers\document_registry.py","backend\src\app\interfaces\api\routers\document_registry.py","routers -> interfaces/api/routers","from app.routers.document_registry -> from app.interfaces.api.routers.document_registry; import app.routers.document_registry -> import app.interfaces.api.routers.document_registry"
"backend\app\routers\economy.py","backend\src\app\interfaces\api\routers\economy.py","routers -> interfaces/api/routers","from app.routers.economy -> from app.interfaces.api.routers.economy; import app.routers.economy -> import app.interfaces.api.routers.economy"
"backend\app\routers\executor.py","backend\src\app\interfaces\api\routers\executor.py","routers -> interfaces/api/routers","from app.routers.executor -> from app.interfaces.api.routers.executor; import app.routers.executor -> import app.interfaces.api.routers.executor"
"backend\app\routers\files_catalog.py","backend\src\app\interfaces\api\routers\files_catalog.py","routers -> interfaces/api/routers","from app.routers.files_catalog -> from app.interfaces.api.routers.files_catalog; import app.routers.files_catalog -> import app.interfaces.api.routers.files_catalog"
"backend\app\routers\finance.py","backend\src\app\interfaces\api\routers\finance.py","routers -> interfaces/api/routers","from app.routers.finance -> from app.interfaces.api.routers.finance; import app.routers.finance -> import app.interfaces.api.routers.finance"
"backend\app\routers\global_chat.py","backend\src\app\interfaces\api\routers\global_chat.py","routers -> interfaces/api/routers","from app.routers.global_chat -> from app.interfaces.api.routers.global_chat; import app.routers.global_chat -> import app.interfaces.api.routers.global_chat"
"backend\app\routers\income_expense.py","backend\src\app\interfaces\api\routers\income_expense.py","routers -> interfaces/api/routers","from app.routers.income_expense -> from app.interfaces.api.routers.income_expense; import app.routers.income_expense -> import app.interfaces.api.routers.income_expense"
"backend\app\routers\kp.py","backend\src\app\interfaces\api\routers\kp.py","routers -> interfaces/api/routers","from app.routers.kp -> from app.interfaces.api.routers.kp; import app.routers.kp -> import app.interfaces.api.routers.kp"
"backend\app\routers\leads.py","backend\src\app\interfaces\api\routers\leads.py","routers -> interfaces/api/routers","from app.routers.leads -> from app.interfaces.api.routers.leads; import app.routers.leads -> import app.interfaces.api.routers.leads"
"backend\app\routers\legal_work.py","backend\src\app\interfaces\api\routers\legal_work.py","routers -> interfaces/api/routers","from app.routers.legal_work -> from app.interfaces.api.routers.legal_work; import app.routers.legal_work -> import app.interfaces.api.routers.legal_work"
"backend\app\routers\mail.py","backend\src\app\interfaces\api\routers\mail.py","routers -> interfaces/api/routers","from app.routers.mail -> from app.interfaces.api.routers.mail; import app.routers.mail -> import app.interfaces.api.routers.mail"
"backend\app\routers\notification_preferences.py","backend\src\app\interfaces\api\routers\notification_preferences.py","routers -> interfaces/api/routers","from app.routers.notification_preferences -> from app.interfaces.api.routers.notification_preferences; import app.routers.notification_preferences -> import app.interfaces.api.routers.notification_preferences"
"backend\app\routers\notification_rules.py","backend\src\app\interfaces\api\routers\notification_rules.py","routers -> interfaces/api/routers","from app.routers.notification_rules -> from app.interfaces.api.routers.notification_rules; import app.routers.notification_rules -> import app.interfaces.api.routers.notification_rules"
"backend\app\routers\notification_subscriptions.py","backend\src\app\interfaces\api\routers\notification_subscriptions.py","routers -> interfaces/api/routers","from app.routers.notification_subscriptions -> from app.interfaces.api.routers.notification_subscriptions; import app.routers.notification_subscriptions -> import app.interfaces.api.routers.notification_subscriptions"
"backend\app\routers\notifications.py","backend\src\app\interfaces\api\routers\notifications.py","routers -> interfaces/api/routers","from app.routers.notifications -> from app.interfaces.api.routers.notifications; import app.routers.notifications -> import app.interfaces.api.routers.notifications"
"backend\app\routers\outgoing_registry.py","backend\src\app\interfaces\api\routers\outgoing_registry.py","routers -> interfaces/api/routers","from app.routers.outgoing_registry -> from app.interfaces.api.routers.outgoing_registry; import app.routers.outgoing_registry -> import app.interfaces.api.routers.outgoing_registry"
"backend\app\routers\penalty_rules.py","backend\src\app\interfaces\api\routers\penalty_rules.py","routers -> interfaces/api/routers","from app.routers.penalty_rules -> from app.interfaces.api.routers.penalty_rules; import app.routers.penalty_rules -> import app.interfaces.api.routers.penalty_rules"
"backend\app\routers\products.py","backend\src\app\interfaces\api\routers\products.py","routers -> interfaces/api/routers","from app.routers.products -> from app.interfaces.api.routers.products; import app.routers.products -> import app.interfaces.api.routers.products"
"backend\app\routers\result_reviews.py","backend\src\app\interfaces\api\routers\result_reviews.py","routers -> interfaces/api/routers","from app.routers.result_reviews -> from app.interfaces.api.routers.result_reviews; import app.routers.result_reviews -> import app.interfaces.api.routers.result_reviews"
"backend\app\routers\roles.py","backend\src\app\interfaces\api\routers\roles.py","routers -> interfaces/api/routers","from app.routers.roles -> from app.interfaces.api.routers.roles; import app.routers.roles -> import app.interfaces.api.routers.roles"
"backend\app\routers\stages.py","backend\src\app\interfaces\api\routers\stages.py","routers -> interfaces/api/routers","from app.routers.stages -> from app.interfaces.api.routers.stages; import app.routers.stages -> import app.interfaces.api.routers.stages"
"backend\app\routers\storage.py","backend\src\app\interfaces\api\routers\storage.py","routers -> interfaces/api/routers","from app.routers.storage -> from app.interfaces.api.routers.storage; import app.routers.storage -> import app.interfaces.api.routers.storage"
"backend\app\routers\subcontractor_products.py","backend\src\app\interfaces\api\routers\subcontractor_products.py","routers -> interfaces/api/routers","from app.routers.subcontractor_products -> from app.interfaces.api.routers.subcontractor_products; import app.routers.subcontractor_products -> import app.interfaces.api.routers.subcontractor_products"
"backend\app\routers\subcontractor_stages.py","backend\src\app\interfaces\api\routers\subcontractor_stages.py","routers -> interfaces/api/routers","from app.routers.subcontractor_stages -> from app.interfaces.api.routers.subcontractor_stages; import app.routers.subcontractor_stages -> import app.interfaces.api.routers.subcontractor_stages"
"backend\app\routers\subcontractors.py","backend\src\app\interfaces\api\routers\subcontractors.py","routers -> interfaces/api/routers","from app.routers.subcontractors -> from app.interfaces.api.routers.subcontractors; import app.routers.subcontractors -> import app.interfaces.api.routers.subcontractors"
"backend\app\routers\task_auctions.py","backend\src\app\interfaces\api\routers\task_auctions.py","routers -> interfaces/api/routers","from app.routers.task_auctions -> from app.interfaces.api.routers.task_auctions; import app.routers.task_auctions -> import app.interfaces.api.routers.task_auctions"
"backend\app\routers\task_messages.py","backend\src\app\interfaces\api\routers\task_messages.py","routers -> interfaces/api/routers","from app.routers.task_messages -> from app.interfaces.api.routers.task_messages; import app.routers.task_messages -> import app.interfaces.api.routers.task_messages"
"backend\app\routers\tasks.py","backend\src\app\interfaces\api\routers\tasks.py","routers -> interfaces/api/routers","from app.routers.tasks -> from app.interfaces.api.routers.tasks; import app.routers.tasks -> import app.interfaces.api.routers.tasks"
"backend\app\routers\tenders.py","backend\src\app\interfaces\api\routers\tenders.py","routers -> interfaces/api/routers","from app.routers.tenders -> from app.interfaces.api.routers.tenders; import app.routers.tenders -> import app.interfaces.api.routers.tenders"
"backend\app\routers\uploads.py","backend\src\app\interfaces\api\routers\uploads.py","routers -> interfaces/api/routers","from app.routers.uploads -> from app.interfaces.api.routers.uploads; import app.routers.uploads -> import app.interfaces.api.routers.uploads"
"backend\app\routers\users.py","backend\src\app\interfaces\api\routers\users.py","routers -> interfaces/api/routers","from app.routers.users -> from app.interfaces.api.routers.users; import app.routers.users -> import app.interfaces.api.routers.users"
"backend\app\schemas\__init__.py","backend\src\app\interfaces\schemas\__init__.py","schemas -> interfaces/schemas","from app.schemas -> from app.interfaces.schemas; import app.schemas -> import app.interfaces.schemas"
"backend\app\schemas\accreditation.py","backend\src\app\interfaces\schemas\accreditation.py","schemas -> interfaces/schemas","from app.schemas.accreditation -> from app.interfaces.schemas.accreditation; import app.schemas.accreditation -> import app.interfaces.schemas.accreditation"
"backend\app\schemas\advance_payment.py","backend\src\app\interfaces\schemas\advance_payment.py","schemas -> interfaces/schemas","from app.schemas.advance_payment -> from app.interfaces.schemas.advance_payment; import app.schemas.advance_payment -> import app.interfaces.schemas.advance_payment"
"backend\app\schemas\auth.py","backend\src\app\interfaces\schemas\auth.py","schemas -> interfaces/schemas","from app.schemas.auth -> from app.interfaces.schemas.auth; import app.schemas.auth -> import app.interfaces.schemas.auth"
"backend\app\schemas\company.py","backend\src\app\interfaces\schemas\company.py","schemas -> interfaces/schemas","from app.schemas.company -> from app.interfaces.schemas.company; import app.schemas.company -> import app.interfaces.schemas.company"
"backend\app\schemas\company_document.py","backend\src\app\interfaces\schemas\company_document.py","schemas -> interfaces/schemas","from app.schemas.company_document -> from app.interfaces.schemas.company_document; import app.schemas.company_document -> import app.interfaces.schemas.company_document"
"backend\app\schemas\company_user_link.py","backend\src\app\interfaces\schemas\company_user_link.py","schemas -> interfaces/schemas","from app.schemas.company_user_link -> from app.interfaces.schemas.company_user_link; import app.schemas.company_user_link -> import app.interfaces.schemas.company_user_link"
"backend\app\schemas\contract.py","backend\src\app\interfaces\schemas\contract.py","schemas -> interfaces/schemas","from app.schemas.contract -> from app.interfaces.schemas.contract; import app.schemas.contract -> import app.interfaces.schemas.contract"
"backend\app\schemas\contract_card.py","backend\src\app\interfaces\schemas\contract_card.py","schemas -> interfaces/schemas","from app.schemas.contract_card -> from app.interfaces.schemas.contract_card; import app.schemas.contract_card -> import app.interfaces.schemas.contract_card"
"backend\app\schemas\contract_document.py","backend\src\app\interfaces\schemas\contract_document.py","schemas -> interfaces/schemas","from app.schemas.contract_document -> from app.interfaces.schemas.contract_document; import app.schemas.contract_document -> import app.interfaces.schemas.contract_document"
"backend\app\schemas\deal.py","backend\src\app\interfaces\schemas\deal.py","schemas -> interfaces/schemas","from app.schemas.deal -> from app.interfaces.schemas.deal; import app.schemas.deal -> import app.interfaces.schemas.deal"
"backend\app\schemas\deal_product.py","backend\src\app\interfaces\schemas\deal_product.py","schemas -> interfaces/schemas","from app.schemas.deal_product -> from app.interfaces.schemas.deal_product; import app.schemas.deal_product -> import app.interfaces.schemas.deal_product"
"backend\app\schemas\document_registry.py","backend\src\app\interfaces\schemas\document_registry.py","schemas -> interfaces/schemas","from app.schemas.document_registry -> from app.interfaces.schemas.document_registry; import app.schemas.document_registry -> import app.interfaces.schemas.document_registry"
"backend\app\schemas\event_log.py","backend\src\app\interfaces\schemas\event_log.py","schemas -> interfaces/schemas","from app.schemas.event_log -> from app.interfaces.schemas.event_log; import app.schemas.event_log -> import app.interfaces.schemas.event_log"
"backend\app\schemas\financial_plan.py","backend\src\app\interfaces\schemas\financial_plan.py","schemas -> interfaces/schemas","from app.schemas.financial_plan -> from app.interfaces.schemas.financial_plan; import app.schemas.financial_plan -> import app.interfaces.schemas.financial_plan"
"backend\app\schemas\global_chat_message.py","backend\src\app\interfaces\schemas\global_chat_message.py","schemas -> interfaces/schemas","from app.schemas.global_chat_message -> from app.interfaces.schemas.global_chat_message; import app.schemas.global_chat_message -> import app.interfaces.schemas.global_chat_message"
"backend\app\schemas\income_expense.py","backend\src\app\interfaces\schemas\income_expense.py","schemas -> interfaces/schemas","from app.schemas.income_expense -> from app.interfaces.schemas.income_expense; import app.schemas.income_expense -> import app.interfaces.schemas.income_expense"
"backend\app\schemas\inflation_index.py","backend\src\app\interfaces\schemas\inflation_index.py","schemas -> interfaces/schemas","from app.schemas.inflation_index -> from app.interfaces.schemas.inflation_index; import app.schemas.inflation_index -> import app.interfaces.schemas.inflation_index"
"backend\app\schemas\kp.py","backend\src\app\interfaces\schemas\kp.py","schemas -> interfaces/schemas","from app.schemas.kp -> from app.interfaces.schemas.kp; import app.schemas.kp -> import app.interfaces.schemas.kp"
"backend\app\schemas\lead.py","backend\src\app\interfaces\schemas\lead.py","schemas -> interfaces/schemas","from app.schemas.lead -> from app.interfaces.schemas.lead; import app.schemas.lead -> import app.interfaces.schemas.lead"
"backend\app\schemas\lead_product.py","backend\src\app\interfaces\schemas\lead_product.py","schemas -> interfaces/schemas","from app.schemas.lead_product -> from app.interfaces.schemas.lead_product; import app.schemas.lead_product -> import app.interfaces.schemas.lead_product"
"backend\app\schemas\legal_work.py","backend\src\app\interfaces\schemas\legal_work.py","schemas -> interfaces/schemas","from app.schemas.legal_work -> from app.interfaces.schemas.legal_work; import app.schemas.legal_work -> import app.interfaces.schemas.legal_work"
"backend\app\schemas\mail.py","backend\src\app\interfaces\schemas\mail.py","schemas -> interfaces/schemas","from app.schemas.mail -> from app.interfaces.schemas.mail; import app.schemas.mail -> import app.interfaces.schemas.mail"
"backend\app\schemas\notification.py","backend\src\app\interfaces\schemas\notification.py","schemas -> interfaces/schemas","from app.schemas.notification -> from app.interfaces.schemas.notification; import app.schemas.notification -> import app.interfaces.schemas.notification"
"backend\app\schemas\notification_rules.py","backend\src\app\interfaces\schemas\notification_rules.py","schemas -> interfaces/schemas","from app.schemas.notification_rules -> from app.interfaces.schemas.notification_rules; import app.schemas.notification_rules -> import app.interfaces.schemas.notification_rules"
"backend\app\schemas\outgoing_document.py","backend\src\app\interfaces\schemas\outgoing_document.py","schemas -> interfaces/schemas","from app.schemas.outgoing_document -> from app.interfaces.schemas.outgoing_document; import app.schemas.outgoing_document -> import app.interfaces.schemas.outgoing_document"
"backend\app\schemas\overhead.py","backend\src\app\interfaces\schemas\overhead.py","schemas -> interfaces/schemas","from app.schemas.overhead -> from app.interfaces.schemas.overhead; import app.schemas.overhead -> import app.interfaces.schemas.overhead"
"backend\app\schemas\overhead_allocation.py","backend\src\app\interfaces\schemas\overhead_allocation.py","schemas -> interfaces/schemas","from app.schemas.overhead_allocation -> from app.interfaces.schemas.overhead_allocation; import app.schemas.overhead_allocation -> import app.interfaces.schemas.overhead_allocation"
"backend\app\schemas\penalty_rule.py","backend\src\app\interfaces\schemas\penalty_rule.py","schemas -> interfaces/schemas","from app.schemas.penalty_rule -> from app.interfaces.schemas.penalty_rule; import app.schemas.penalty_rule -> import app.interfaces.schemas.penalty_rule"
"backend\app\schemas\pricing_model.py","backend\src\app\interfaces\schemas\pricing_model.py","schemas -> interfaces/schemas","from app.schemas.pricing_model -> from app.interfaces.schemas.pricing_model; import app.schemas.pricing_model -> import app.interfaces.schemas.pricing_model"
"backend\app\schemas\pricing_quote.py","backend\src\app\interfaces\schemas\pricing_quote.py","schemas -> interfaces/schemas","from app.schemas.pricing_quote -> from app.interfaces.schemas.pricing_quote; import app.schemas.pricing_quote -> import app.interfaces.schemas.pricing_quote"
"backend\app\schemas\product.py","backend\src\app\interfaces\schemas\product.py","schemas -> interfaces/schemas","from app.schemas.product -> from app.interfaces.schemas.product; import app.schemas.product -> import app.interfaces.schemas.product"
"backend\app\schemas\product_category.py","backend\src\app\interfaces\schemas\product_category.py","schemas -> interfaces/schemas","from app.schemas.product_category -> from app.interfaces.schemas.product_category; import app.schemas.product_category -> import app.interfaces.schemas.product_category"
"backend\app\schemas\quality_alert.py","backend\src\app\interfaces\schemas\quality_alert.py","schemas -> interfaces/schemas","from app.schemas.quality_alert -> from app.interfaces.schemas.quality_alert; import app.schemas.quality_alert -> import app.interfaces.schemas.quality_alert"
"backend\app\schemas\role.py","backend\src\app\interfaces\schemas\role.py","schemas -> interfaces/schemas","from app.schemas.role -> from app.interfaces.schemas.role; import app.schemas.role -> import app.interfaces.schemas.role"
"backend\app\schemas\role_permission.py","backend\src\app\interfaces\schemas\role_permission.py","schemas -> interfaces/schemas","from app.schemas.role_permission -> from app.interfaces.schemas.role_permission; import app.schemas.role_permission -> import app.interfaces.schemas.role_permission"
"backend\app\schemas\stage.py","backend\src\app\interfaces\schemas\stage.py","schemas -> interfaces/schemas","from app.schemas.stage -> from app.interfaces.schemas.stage; import app.schemas.stage -> import app.interfaces.schemas.stage"
"backend\app\schemas\stage_closing.py","backend\src\app\interfaces\schemas\stage_closing.py","schemas -> interfaces/schemas","from app.schemas.stage_closing -> from app.interfaces.schemas.stage_closing; import app.schemas.stage_closing -> import app.interfaces.schemas.stage_closing"
"backend\app\schemas\stage_product_assignment.py","backend\src\app\interfaces\schemas\stage_product_assignment.py","schemas -> interfaces/schemas","from app.schemas.stage_product_assignment -> from app.interfaces.schemas.stage_product_assignment; import app.schemas.stage_product_assignment -> import app.interfaces.schemas.stage_product_assignment"
"backend\app\schemas\stage_product_subtask.py","backend\src\app\interfaces\schemas\stage_product_subtask.py","schemas -> interfaces/schemas","from app.schemas.stage_product_subtask -> from app.interfaces.schemas.stage_product_subtask; import app.schemas.stage_product_subtask -> import app.interfaces.schemas.stage_product_subtask"
"backend\app\schemas\stage_result.py","backend\src\app\interfaces\schemas\stage_result.py","schemas -> interfaces/schemas","from app.schemas.stage_result -> from app.interfaces.schemas.stage_result; import app.schemas.stage_result -> import app.interfaces.schemas.stage_result"
"backend\app\schemas\subcontractor.py","backend\src\app\interfaces\schemas\subcontractor.py","schemas -> interfaces/schemas","from app.schemas.subcontractor -> from app.interfaces.schemas.subcontractor; import app.schemas.subcontractor -> import app.interfaces.schemas.subcontractor"
"backend\app\schemas\subcontractor_product.py","backend\src\app\interfaces\schemas\subcontractor_product.py","schemas -> interfaces/schemas","from app.schemas.subcontractor_product -> from app.interfaces.schemas.subcontractor_product; import app.schemas.subcontractor_product -> import app.interfaces.schemas.subcontractor_product"
"backend\app\schemas\subcontractor_stage.py","backend\src\app\interfaces\schemas\subcontractor_stage.py","schemas -> interfaces/schemas","from app.schemas.subcontractor_stage -> from app.interfaces.schemas.subcontractor_stage; import app.schemas.subcontractor_stage -> import app.interfaces.schemas.subcontractor_stage"
"backend\app\schemas\task.py","backend\src\app\interfaces\schemas\task.py","schemas -> interfaces/schemas","from app.schemas.task -> from app.interfaces.schemas.task; import app.schemas.task -> import app.interfaces.schemas.task"
"backend\app\schemas\task_message.py","backend\src\app\interfaces\schemas\task_message.py","schemas -> interfaces/schemas","from app.schemas.task_message -> from app.interfaces.schemas.task_message; import app.schemas.task_message -> import app.interfaces.schemas.task_message"
"backend\app\schemas\tender.py","backend\src\app\interfaces\schemas\tender.py","schemas -> interfaces/schemas","from app.schemas.tender -> from app.interfaces.schemas.tender; import app.schemas.tender -> import app.interfaces.schemas.tender"
"backend\app\schemas\tender_offer.py","backend\src\app\interfaces\schemas\tender_offer.py","schemas -> interfaces/schemas","from app.schemas.tender_offer -> from app.interfaces.schemas.tender_offer; import app.schemas.tender_offer -> import app.interfaces.schemas.tender_offer"
"backend\app\schemas\treasury_allocation.py","backend\src\app\interfaces\schemas\treasury_allocation.py","schemas -> interfaces/schemas","from app.schemas.treasury_allocation -> from app.interfaces.schemas.treasury_allocation; import app.schemas.treasury_allocation -> import app.interfaces.schemas.treasury_allocation"
"backend\app\schemas\treasury_auto_rule.py","backend\src\app\interfaces\schemas\treasury_auto_rule.py","schemas -> interfaces/schemas","from app.schemas.treasury_auto_rule -> from app.interfaces.schemas.treasury_auto_rule; import app.schemas.treasury_auto_rule -> import app.interfaces.schemas.treasury_auto_rule"
"backend\app\schemas\treasury_transaction.py","backend\src\app\interfaces\schemas\treasury_transaction.py","schemas -> interfaces/schemas","from app.schemas.treasury_transaction -> from app.interfaces.schemas.treasury_transaction; import app.schemas.treasury_transaction -> import app.interfaces.schemas.treasury_transaction"
"backend\app\schemas\upload_job.py","backend\src\app\interfaces\schemas\upload_job.py","schemas -> interfaces/schemas","from app.schemas.upload_job -> from app.interfaces.schemas.upload_job; import app.schemas.upload_job -> import app.interfaces.schemas.upload_job"
"backend\app\schemas\user.py","backend\src\app\interfaces\schemas\user.py","schemas -> interfaces/schemas","from app.schemas.user -> from app.interfaces.schemas.user; import app.schemas.user -> import app.interfaces.schemas.user"
"backend\app\schemas\wip_monthly.py","backend\src\app\interfaces\schemas\wip_monthly.py","schemas -> interfaces/schemas","from app.schemas.wip_monthly -> from app.interfaces.schemas.wip_monthly; import app.schemas.wip_monthly -> import app.interfaces.schemas.wip_monthly"
"backend\app\services\__init__.py","backend\src\app\application\services\__init__.py","services -> application/services","from app.services -> from app.application.services; import app.services -> import app.application.services"
"backend\app\services\audit_log.py","backend\src\app\application\services\audit_log.py","services -> application/services","from app.services.audit_log -> from app.application.services.audit_log; import app.services.audit_log -> import app.application.services.audit_log"
"backend\app\services\economy_service.py","backend\src\app\application\services\economy_service.py","services -> application/services","from app.services.economy_service -> from app.application.services.economy_service; import app.services.economy_service -> import app.application.services.economy_service"
"backend\app\services\event_log.py","backend\src\app\application\services\event_log.py","services -> application/services","from app.services.event_log -> from app.application.services.event_log; import app.services.event_log -> import app.application.services.event_log"
"backend\app\services\finance_service.py","backend\src\app\application\services\finance_service.py","services -> application/services","from app.services.finance_service -> from app.application.services.finance_service; import app.services.finance_service -> import app.application.services.finance_service"
"backend\app\services\gantt_service.py","backend\src\app\application\services\gantt_service.py","services -> application/services","from app.services.gantt_service -> from app.application.services.gantt_service; import app.services.gantt_service -> import app.application.services.gantt_service"
"backend\app\services\mail_imap.py","backend\src\app\application\services\mail_imap.py","services -> application/services","from app.services.mail_imap -> from app.application.services.mail_imap; import app.services.mail_imap -> import app.application.services.mail_imap"
"backend\app\services\mail_smtp.py","backend\src\app\application\services\mail_smtp.py","services -> application/services","from app.services.mail_smtp -> from app.application.services.mail_smtp; import app.services.mail_smtp -> import app.application.services.mail_smtp"
"backend\app\services\mail_sync.py","backend\src\app\application\services\mail_sync.py","services -> application/services","from app.services.mail_sync -> from app.application.services.mail_sync; import app.services.mail_sync -> import app.application.services.mail_sync"
"backend\app\services\notifications.py","backend\src\app\application\services\notifications.py","services -> application/services","from app.services.notifications -> from app.application.services.notifications; import app.services.notifications -> import app.application.services.notifications"
"backend\app\services\notifications_engine.py","backend\src\app\application\services\notifications_engine.py","services -> application/services","from app.services.notifications_engine -> from app.application.services.notifications_engine; import app.services.notifications_engine -> import app.application.services.notifications_engine"
"backend\app\services\permissions.py","backend\src\app\application\services\permissions.py","services -> application/services","from app.services.permissions -> from app.application.services.permissions; import app.services.permissions -> import app.application.services.permissions"
"backend\app\services\storage.py","backend\src\app\application\services\storage.py","services -> application/services","from app.services.storage -> from app.application.services.storage; import app.services.storage -> import app.application.services.storage"
"backend\app\services\subcontractor_gantt_service.py","backend\src\app\application\services\subcontractor_gantt_service.py","services -> application/services","from app.services.subcontractor_gantt_service -> from app.application.services.subcontractor_gantt_service; import app.services.subcontractor_gantt_service -> import app.application.services.subcontractor_gantt_service"
"backend\app\services\yandex_oauth.py","backend\src\app\application\services\yandex_oauth.py","services -> application/services","from app.services.yandex_oauth -> from app.application.services.yandex_oauth; import app.services.yandex_oauth -> import app.application.services.yandex_oauth"
"backend\app\utils\__init__.py","backend\src\app\shared\utils\__init__.py","utils -> shared/utils","from app.utils -> from app.shared.utils; import app.utils -> import app.shared.utils"
"backend\app\utils\num2words_ru.py","backend\src\app\shared\utils\num2words_ru.py","utils -> shared/utils","from app.utils.num2words_ru -> from app.shared.utils.num2words_ru; import app.utils.num2words_ru -> import app.shared.utils.num2words_ru"
"backend\backfill_audit_logs.py","backend\backfill_audit_logs.py","keep",""
"backend\check_tables.py","backend\scripts\maintenance\check_tables.py","maintenance scripts",""
"backend\create_audit_log_table.py","backend\scripts\migrations\create_audit_log_table.py","create_* -> migrations",""
"backend\create_contracts_table.py","backend\scripts\migrations\create_contracts_table.py","create_* -> migrations",""
"backend\create_deal_migration.py","backend\scripts\migrations\create_deal_migration.py","create_* -> migrations",""
"backend\create_document_registry_tables.py","backend\scripts\migrations\create_document_registry_tables.py","create_* -> migrations",""
"backend\create_economy_migration.py","backend\scripts\migrations\create_economy_migration.py","create_* -> migrations",""
"backend\create_global_chat_messages_table.py","backend\scripts\migrations\create_global_chat_messages_table.py","create_* -> migrations",""
"backend\create_income_expense_category_migration.py","backend\scripts\migrations\create_income_expense_category_migration.py","create_* -> migrations",""
"backend\create_income_expense_table.py","backend\scripts\migrations\create_income_expense_table.py","create_* -> migrations",""
"backend\create_kp_tables.py","backend\scripts\migrations\create_kp_tables.py","create_* -> migrations",""
"backend\create_leads_tables.py","backend\scripts\migrations\create_leads_tables.py","create_* -> migrations",""
"backend\create_legal_work_tables.py","backend\scripts\migrations\create_legal_work_tables.py","create_* -> migrations",""
"backend\create_mail_tables.py","backend\scripts\migrations\create_mail_tables.py","create_* -> migrations",""
"backend\create_notification_rules_tables.py","backend\scripts\migrations\create_notification_rules_tables.py","create_* -> migrations",""
"backend\create_notifications_tables.py","backend\scripts\migrations\create_notifications_tables.py","create_* -> migrations",""
"backend\create_outgoing_registry_tables.py","backend\scripts\migrations\create_outgoing_registry_tables.py","create_* -> migrations",""
"backend\create_product_tables.py","backend\scripts\migrations\create_product_tables.py","create_* -> migrations",""
"backend\create_stage_results_table.py","backend\scripts\migrations\create_stage_results_table.py","create_* -> migrations",""
"backend\create_subcontractor_cards_table.py","backend\scripts\migrations\create_subcontractor_cards_table.py","create_* -> migrations",""
"backend\create_subcontractor_stage_product_tables.py","backend\scripts\migrations\create_subcontractor_stage_product_tables.py","create_* -> migrations",""
"backend\create_task_messages_table.py","backend\scripts\migrations\create_task_messages_table.py","create_* -> migrations",""
"backend\create_tasks_table.py","backend\scripts\migrations\create_tasks_table.py","create_* -> migrations",""
"backend\create_treasury_auto_rules_table.py","backend\scripts\migrations\create_treasury_auto_rules_table.py","create_* -> migrations",""
"backend\create_upload_jobs_table.py","backend\scripts\migrations\create_upload_jobs_table.py","create_* -> migrations",""
"backend\crm.db","backend\crm.db","keep",""
"backend\deal_bad_lines.txt","backend\deal_bad_lines.txt","keep",""
"backend\deal_snippet.txt","backend\deal_snippet.txt","keep",""
"backend\deal_snippet_utf8.txt","backend\deal_snippet_utf8.txt","keep",""
"backend\debug_product_update.py","backend\scripts\maintenance\debug_product_update.py","maintenance scripts",""
"backend\fix_deal_model.py","backend\scripts\maintenance\fix_deal_model.py","maintenance scripts",""
"backend\install_deps.bat","backend\install_deps.bat","keep",""
"backend\logs\uvicorn.err","backend\logs\uvicorn.err","keep",""
"backend\logs\uvicorn-8001.err","backend\logs\uvicorn-8001.err","keep",""
"backend\mail_worker.py","backend\src\workers\mail_worker.py","workers -> backend/src/workers",""
"backend\main.py","backend\src\main.py","main entry -> backend/src",""
"backend\migrate_company_documents.py","backend\scripts\migrations\migrate_company_documents.py","migrate_* -> migrations",""
"backend\migrate_contract_documents.py","backend\scripts\migrations\migrate_contract_documents.py","migrate_* -> migrations",""
"backend\migrate_contracts_subcontractor_link.py","backend\scripts\migrations\migrate_contracts_subcontractor_link.py","migrate_* -> migrations",""
"backend\migrate_document_registry.py","backend\scripts\migrations\migrate_document_registry.py","migrate_* -> migrations",""
"backend\migrate_income_expense_links.py","backend\scripts\migrations\migrate_income_expense_links.py","migrate_* -> migrations",""
"backend\migrate_legal_case_fields.py","backend\scripts\migrations\migrate_legal_case_fields.py","migrate_* -> migrations",""
"backend\migrate_legal_event_types.py","backend\scripts\migrations\migrate_legal_event_types.py","migrate_* -> migrations",""
"backend\migrate_mail_permissions.py","backend\scripts\migrations\migrate_mail_permissions.py","migrate_* -> migrations",""
"backend\migrate_our_company_id.py","backend\scripts\migrations\migrate_our_company_id.py","migrate_* -> migrations",""
"backend\migrate_outgoing_codifiers.py","backend\scripts\migrations\migrate_outgoing_codifiers.py","migrate_* -> migrations",""
"backend\migrate_penalty.py","backend\scripts\migrations\migrate_penalty.py","migrate_* -> migrations",""
"backend\migrate_penalty_permissions.py","backend\scripts\migrations\migrate_penalty_permissions.py","migrate_* -> migrations",""
"backend\migrate_penalty_rules_table.py","backend\scripts\migrations\migrate_penalty_rules_table.py","migrate_* -> migrations",""
"backend\migrate_result_reviews_permissions.py","backend\scripts\migrations\migrate_result_reviews_permissions.py","migrate_* -> migrations",""
"backend\migrate_stage_id.py","backend\scripts\migrations\migrate_stage_id.py","migrate_* -> migrations",""
"backend\migrate_stage_product_links.py","backend\scripts\migrations\migrate_stage_product_links.py","migrate_* -> migrations",""
"backend\migrate_stage_results_reviews.py","backend\scripts\migrations\migrate_stage_results_reviews.py","migrate_* -> migrations",""
"backend\migrate_subcontractor_cards_company_id.py","backend\scripts\migrations\migrate_subcontractor_cards_company_id.py","migrate_* -> migrations",""
"backend\migrate_subcontractor_contracts_and_defacto.py","backend\scripts\migrations\migrate_subcontractor_contracts_and_defacto.py","migrate_* -> migrations",""
"backend\migrate_task_auction_blocks.py","backend\scripts\migrations\migrate_task_auction_blocks.py","migrate_* -> migrations",""
"backend\migrate_task_auctions.py","backend\scripts\migrations\migrate_task_auctions.py","migrate_* -> migrations",""
"backend\migrate_task_income_expense_link.py","backend\scripts\migrations\migrate_task_income_expense_link.py","migrate_* -> migrations",""
"backend\migrate_task_payers.py","backend\scripts\migrations\migrate_task_payers.py","migrate_* -> migrations",""
"backend\migrate_task_penalties.py","backend\scripts\migrations\migrate_task_penalties.py","migrate_* -> migrations",""
"backend\migrate_tenders.py","backend\scripts\migrations\migrate_tenders.py","migrate_* -> migrations",""
"backend\migrate_treasury_allocations.py","backend\scripts\migrations\migrate_treasury_allocations.py","migrate_* -> migrations",""
"backend\migrate_treasury_columns.py","backend\scripts\migrations\migrate_treasury_columns.py","migrate_* -> migrations",""
"backend\migrate_treasury_transactions.py","backend\scripts\migrations\migrate_treasury_transactions.py","migrate_* -> migrations",""
"backend\migrate_users_roles.py","backend\scripts\migrations\migrate_users_roles.py","migrate_* -> migrations",""
"backend\notifications_worker.py","backend\src\workers\notifications_worker.py","workers -> backend/src/workers",""
"backend\package-lock.json","backend\package-lock.json","keep",""
"backend\postgres_restore_fks.sql","backend\scripts\sql\postgres_restore_fks.sql","sql scripts",""
"backend\postgres_task_auction_blocks.sql","backend\scripts\sql\postgres_task_auction_blocks.sql","sql scripts",""
"backend\requirements.txt","backend\requirements.txt","keep",""
"backend\run.py","backend\src\run.py","run entry -> backend/src",""
"backend\run_server.bat","backend\run_server.bat","keep",""
"backend\scripts\import_outgoing_lists5.py","backend\scripts\import_outgoing_lists5.py","keep",""
"backend\scripts\update_outgoing_company_from_number.py","backend\scripts\update_outgoing_company_from_number.py","keep",""
"backend\seed_fill_deals.py","backend\scripts\seed\seed_fill_deals.py","seed_* -> seed scripts",""
"backend\seed_more_contracting.py","backend\scripts\seed\seed_more_contracting.py","seed_* -> seed scripts",""
"backend\seed_more_deal_data.py","backend\scripts\seed\seed_more_deal_data.py","seed_* -> seed scripts",""
"backend\seed_test_data.py","backend\scripts\seed\seed_test_data.py","seed_* -> seed scripts",""
"backend\test_run.py","backend\scripts\tests\test_run.py","test scripts",""
"backend\upload_worker.py","backend\src\workers\upload_worker.py","workers -> backend/src/workers",""
"backend_filelist.txt","backend_filelist.txt","keep",""
"book3.xlsx","data\imports\book3.xlsx","imports -> data/imports",""
"book3_import.sql","backend\scripts\sql\book3_import.sql","root sql -> backend/scripts/sql",""
"check_db.py","check_db.py","keep",""
"check_deals.py","check_deals.py","keep",""
"cleanup_stress_data.py","cleanup_stress_data.py","keep",""
"create_stress_user.py","create_stress_user.py","keep",""
"create_test_task.sql","backend\scripts\sql\create_test_task.sql","root sql -> backend/scripts/sql",""
"crm.db","data\db\crm.db","db -> data/db",""
"dealprod_query.sql","backend\scripts\sql\dealprod_query.sql","root sql -> backend/scripts/sql",""
"deploy_frontend.tgz","deploy_frontend.tgz","keep",""
"docs\DEPLOYMENT.md","docs\DEPLOYMENT.md","keep",""
"docs\OUTGOING_REGISTRY.md","docs\OUTGOING_REGISTRY.md","keep",""
"docs\PROJECT_OVERVIEW.md","docs\PROJECT_OVERVIEW.md","keep",""
"docs\README.md","docs\README.md","keep",""
"docs\RESTRUCTURE_MAP.csv","docs\RESTRUCTURE_MAP.csv","keep",""
"docs\TREASURY_AUTORULES_PROPOSALS.md","docs\TREASURY_AUTORULES_PROPOSALS.md","keep",""
"drop_fks.sql","backend\scripts\sql\drop_fks.sql","root sql -> backend/scripts/sql",""
"fix_tasks_table.py","fix_tasks_table.py","keep",""
"for-apps.ru.conf","for-apps.ru.conf","keep",""
"frontend\deploy_frontend.tgz","frontend\deploy_frontend.tgz","keep",""
"frontend\index.html","frontend\index.html","keep",""
"frontend\logs\vite.err","frontend\logs\vite.err","keep",""
"frontend\nul","frontend\nul","keep",""
"frontend\package.json","frontend\package.json","keep",""
"frontend\package-lock.json","frontend\package-lock.json","keep",""
"frontend\public\templates\outgoing_bayer.docx","frontend\public\templates\outgoing_bayer.docx","keep",""
"frontend\public\templates\outgoing_morozov.docx","frontend\public\templates\outgoing_morozov.docx","keep",""
"frontend\public\templates\outgoing_normbud.docx","frontend\public\templates\outgoing_normbud.docx","keep",""
"frontend\public\templates\README.txt","frontend\public\templates\README.txt","keep",""
"frontend\public\templates\template.docx","frontend\public\templates\template.docx","keep",""
"frontend\run_frontend.bat","frontend\run_frontend.bat","keep",""
"frontend\src\App.vue","frontend\src\App.vue","keep",""
"frontend\src\assets\app-bg.jpg","frontend\src\ui\assets\app-bg.jpg","assets -> ui/assets","@/assets/app-bg.jpg -> @/ui/assets/app-bg.jpg"
"frontend\src\assets\letter_footer.png","frontend\src\ui\assets\letter_footer.png","assets -> ui/assets","@/assets/letter_footer.png -> @/ui/assets/letter_footer.png"
"frontend\src\assets\letter_header.png","frontend\src\ui\assets\letter_header.png","assets -> ui/assets","@/assets/letter_header.png -> @/ui/assets/letter_header.png"
"frontend\src\assets\styles\main.css","frontend\src\ui\assets\styles\main.css","assets -> ui/assets","@/assets/styles/main.css -> @/ui/assets/styles/main.css"
"frontend\src\components\GlobalChatWidget.vue","frontend\src\ui\components\GlobalChatWidget.vue","components -> ui/components","@/components/GlobalChatWidget.vue -> @/ui/components/GlobalChatWidget.vue"
"frontend\src\components\TaskChat.vue","frontend\src\ui\components\TaskChat.vue","components -> ui/components","@/components/TaskChat.vue -> @/ui/components/TaskChat.vue"
"frontend\src\components\ui\CommandPalette.vue","frontend\src\ui\components\ui\CommandPalette.vue","components -> ui/components","@/components/ui/CommandPalette.vue -> @/ui/components/ui/CommandPalette.vue"
"frontend\src\components\ui\CompanySmartSelect.vue","frontend\src\ui\components\ui\CompanySmartSelect.vue","components -> ui/components","@/components/ui/CompanySmartSelect.vue -> @/ui/components/ui/CompanySmartSelect.vue"
"frontend\src\components\ui\ProductSmartSelect.vue","frontend\src\ui\components\ui\ProductSmartSelect.vue","components -> ui/components","@/components/ui/ProductSmartSelect.vue -> @/ui/components/ui/ProductSmartSelect.vue"
"frontend\src\components\ui\SkeletonLoader.vue","frontend\src\ui\components\ui\SkeletonLoader.vue","components -> ui/components","@/components/ui/SkeletonLoader.vue -> @/ui/components/ui/SkeletonLoader.vue"
"frontend\src\components\ui\SplashScreen.vue","frontend\src\ui\components\ui\SplashScreen.vue","components -> ui/components","@/components/ui/SplashScreen.vue -> @/ui/components/ui/SplashScreen.vue"
"frontend\src\components\ui\ToastContainer.vue","frontend\src\ui\components\ui\ToastContainer.vue","components -> ui/components","@/components/ui/ToastContainer.vue -> @/ui/components/ui/ToastContainer.vue"
"frontend\src\components\ui\UploadQueue.vue","frontend\src\ui\components\ui\UploadQueue.vue","components -> ui/components","@/components/ui/UploadQueue.vue -> @/ui/components/ui/UploadQueue.vue"
"frontend\src\composables\useToast.js","frontend\src\shared\composables\useToast.js","composables -> shared/composables","@/composables/useToast.js -> @/shared/composables/useToast.js"
"frontend\src\main.js","frontend\src\main.js","keep",""
"frontend\src\router\index.js","frontend\src\ui\router\index.js","router -> ui/router","@/router/index.js -> @/ui/router/index.js"
"frontend\src\services\http.js","frontend\src\infrastructure\services\http.js","services -> infrastructure/services","@/services/http.js -> @/infrastructure/services/http.js"
"frontend\src\services\TourService.js","frontend\src\infrastructure\services\TourService.js","services -> infrastructure/services","@/services/TourService.js -> @/infrastructure/services/TourService.js"
"frontend\src\stores\auth.js","frontend\src\state\auth.js","stores -> state","@/stores/auth.js -> @/state/auth.js"
"frontend\src\stores\uploadQueue.js","frontend\src\state\uploadQueue.js","stores -> state","@/stores/uploadQueue.js -> @/state/uploadQueue.js"
"frontend\src\utils\categories.js","frontend\src\shared\utils\categories.js","utils -> shared/utils","@/utils/categories.js -> @/shared/utils/categories.js"
"frontend\src\utils\download.js","frontend\src\shared\utils\download.js","utils -> shared/utils","@/utils/download.js -> @/shared/utils/download.js"
"frontend\src\utils\mailHelpers.js","frontend\src\shared\utils\mailHelpers.js","utils -> shared/utils","@/utils/mailHelpers.js -> @/shared/utils/mailHelpers.js"
"frontend\src\utils\permissions.js","frontend\src\shared\utils\permissions.js","utils -> shared/utils","@/utils/permissions.js -> @/shared/utils/permissions.js"
"frontend\src\views\AccreditationsAdmin.vue","frontend\src\ui\pages\AccreditationsAdmin.vue","views -> ui/pages","@/views/AccreditationsAdmin.vue -> @/ui/pages/AccreditationsAdmin.vue"
"frontend\src\views\AccreditationsSubcontractor.vue","frontend\src\ui\pages\AccreditationsSubcontractor.vue","views -> ui/pages","@/views/AccreditationsSubcontractor.vue -> @/ui/pages/AccreditationsSubcontractor.vue"
"frontend\src\views\AuditLogs.vue","frontend\src\ui\pages\AuditLogs.vue","views -> ui/pages","@/views/AuditLogs.vue -> @/ui/pages/AuditLogs.vue"
"frontend\src\views\Calendar.vue","frontend\src\ui\pages\Calendar.vue","views -> ui/pages","@/views/Calendar.vue -> @/ui/pages/Calendar.vue"
"frontend\src\views\Catalog.vue","frontend\src\ui\pages\Catalog.vue","views -> ui/pages","@/views/Catalog.vue -> @/ui/pages/Catalog.vue"
"frontend\src\views\Companies.vue","frontend\src\ui\pages\Companies.vue","views -> ui/pages","@/views/Companies.vue -> @/ui/pages/Companies.vue"
"frontend\src\views\ContractDetail.vue","frontend\src\ui\pages\ContractDetail.vue","views -> ui/pages","@/views/ContractDetail.vue -> @/ui/pages/ContractDetail.vue"
"frontend\src\views\Contracts.vue","frontend\src\ui\pages\Contracts.vue","views -> ui/pages","@/views/Contracts.vue -> @/ui/pages/Contracts.vue"
"frontend\src\views\DocumentRegistry.vue","frontend\src\ui\pages\DocumentRegistry.vue","views -> ui/pages","@/views/DocumentRegistry.vue -> @/ui/pages/DocumentRegistry.vue"
"frontend\src\views\Economy.vue","frontend\src\ui\pages\Economy.vue","views -> ui/pages","@/views/Economy.vue -> @/ui/pages/Economy.vue"
"frontend\src\views\ExecutorPanel.vue","frontend\src\ui\pages\ExecutorPanel.vue","views -> ui/pages","@/views/ExecutorPanel.vue -> @/ui/pages/ExecutorPanel.vue"
"frontend\src\views\FilesCatalog.vue","frontend\src\ui\pages\FilesCatalog.vue","views -> ui/pages","@/views/FilesCatalog.vue -> @/ui/pages/FilesCatalog.vue"
"frontend\src\views\Finance.vue","frontend\src\ui\pages\Finance.vue","views -> ui/pages","@/views/Finance.vue -> @/ui/pages/Finance.vue"
"frontend\src\views\Gantt.vue","frontend\src\ui\pages\Gantt.vue","views -> ui/pages","@/views/Gantt.vue -> @/ui/pages/Gantt.vue"
"frontend\src\views\Home.vue","frontend\src\ui\pages\Home.vue","views -> ui/pages","@/views/Home.vue -> @/ui/pages/Home.vue"
"frontend\src\views\IncomeExpense.vue","frontend\src\ui\pages\IncomeExpense.vue","views -> ui/pages","@/views/IncomeExpense.vue -> @/ui/pages/IncomeExpense.vue"
"frontend\src\views\LeadDetail.vue","frontend\src\ui\pages\LeadDetail.vue","views -> ui/pages","@/views/LeadDetail.vue -> @/ui/pages/LeadDetail.vue"
"frontend\src\views\Leads.vue","frontend\src\ui\pages\Leads.vue","views -> ui/pages","@/views/Leads.vue -> @/ui/pages/Leads.vue"
"frontend\src\views\LegalWork.vue","frontend\src\ui\pages\LegalWork.vue","views -> ui/pages","@/views/LegalWork.vue -> @/ui/pages/LegalWork.vue"
"frontend\src\views\LegalWorkDetail.vue","frontend\src\ui\pages\LegalWorkDetail.vue","views -> ui/pages","@/views/LegalWorkDetail.vue -> @/ui/pages/LegalWorkDetail.vue"
"frontend\src\views\Login.vue","frontend\src\ui\pages\Login.vue","views -> ui/pages","@/views/Login.vue -> @/ui/pages/Login.vue"
"frontend\src\views\Mail.vue","frontend\src\ui\pages\Mail.vue","views -> ui/pages","@/views/Mail.vue -> @/ui/pages/Mail.vue"
"frontend\src\views\Notifications.vue","frontend\src\ui\pages\Notifications.vue","views -> ui/pages","@/views/Notifications.vue -> @/ui/pages/Notifications.vue"
"frontend\src\views\OutgoingRegistry.vue","frontend\src\ui\pages\OutgoingRegistry.vue","views -> ui/pages","@/views/OutgoingRegistry.vue -> @/ui/pages/OutgoingRegistry.vue"
"frontend\src\views\ProjectDetail.vue","frontend\src\ui\pages\ProjectDetail.vue","views -> ui/pages","@/views/ProjectDetail.vue -> @/ui/pages/ProjectDetail.vue"
"frontend\src\views\Projects.vue","frontend\src\ui\pages\Projects.vue","views -> ui/pages","@/views/Projects.vue -> @/ui/pages/Projects.vue"
"frontend\src\views\Roles.vue","frontend\src\ui\pages\Roles.vue","views -> ui/pages","@/views/Roles.vue -> @/ui/pages/Roles.vue"
"frontend\src\views\SubcontractorDetail.vue","frontend\src\ui\pages\SubcontractorDetail.vue","views -> ui/pages","@/views/SubcontractorDetail.vue -> @/ui/pages/SubcontractorDetail.vue"
"frontend\src\views\Subcontractors.vue","frontend\src\ui\pages\Subcontractors.vue","views -> ui/pages","@/views/Subcontractors.vue -> @/ui/pages/Subcontractors.vue"
"frontend\src\views\Tasks.vue","frontend\src\ui\pages\Tasks.vue","views -> ui/pages","@/views/Tasks.vue -> @/ui/pages/Tasks.vue"
"frontend\src\views\TendersAdmin.vue","frontend\src\ui\pages\TendersAdmin.vue","views -> ui/pages","@/views/TendersAdmin.vue -> @/ui/pages/TendersAdmin.vue"
"frontend\src\views\TendersSubcontractor.vue","frontend\src\ui\pages\TendersSubcontractor.vue","views -> ui/pages","@/views/TendersSubcontractor.vue -> @/ui/pages/TendersSubcontractor.vue"
"frontend\src\views\Treasury.vue","frontend\src\ui\pages\Treasury.vue","views -> ui/pages","@/views/Treasury.vue -> @/ui/pages/Treasury.vue"
"frontend\src\views\Users.vue","frontend\src\ui\pages\Users.vue","views -> ui/pages","@/views/Users.vue -> @/ui/pages/Users.vue"
"frontend\src\views\WorkResultsReviews.vue","frontend\src\ui\pages\WorkResultsReviews.vue","views -> ui/pages","@/views/WorkResultsReviews.vue -> @/ui/pages/WorkResultsReviews.vue"
"frontend\vite.config.js","frontend\vite.config.js","keep",""
"import_book3_deals.py","import_book3_deals.py","keep",""
"letterhtml.html","letterhtml.html","keep",""
"link_insert.sql","backend\scripts\sql\link_insert.sql","root sql -> backend/scripts/sql",""
"link_select.sql","backend\scripts\sql\link_select.sql","root sql -> backend/scripts/sql",""
"links_query.sql","backend\scripts\sql\links_query.sql","root sql -> backend/scripts/sql",""
"lists5.xlsx","data\imports\lists5.xlsx","imports -> data/imports",""
"newdocs.txt","newdocs.txt","keep",""
"package.json","package.json","keep",""
"package-lock.json","package-lock.json","keep",""
"public\templates\template.docx","frontend\public\templates\template.docx","public -> frontend/public",""
"spa_cols.sql","backend\scripts\sql\spa_cols.sql","root sql -> backend/scripts/sql",""
"spa_query.sql","backend\scripts\sql\spa_query.sql","root sql -> backend/scripts/sql",""
"stage_query.sql","backend\scripts\sql\stage_query.sql","root sql -> backend/scripts/sql",""
"stress_test.py","stress_test.py","keep",""
"templates\template.docx","backend\templates\template.docx","templates -> backend/templates",""
"test_create_task.py","test_create_task.py","keep",""
"test_task_api.py","test_task_api.py","keep",""
"update_superuser.sql","backend\scripts\sql\update_superuser.sql","root sql -> backend/scripts/sql",""
"uuid_cast.sql","backend\scripts\sql\uuid_cast.sql","root sql -> backend/scripts/sql",""
"uuid_cast_fix.sql","backend\scripts\sql\uuid_cast_fix.sql","root sql -> backend/scripts/sql",""
"uuid_cast_varchar.sql","backend\scripts\sql\uuid_cast_varchar.sql","root sql -> backend/scripts/sql",""
"uuid_to_text.sql","backend\scripts\sql\uuid_to_text.sql","root sql -> backend/scripts/sql",""
"Новый текстовый документ.txt","Новый текстовый документ.txt","keep",""
